timestamp,amount,transaction_type
2024-01-01 00:00:00,89.7218341969382,purchase
2024-01-01 01:00:00,47.547808463273654,withdrawal
2024-01-01 02:00:00,104.34352054383469,purchase
2024-01-01 03:00:00,250.39254249344668,transfer
2024-01-01 04:00:00,43.200264817960765,withdrawal
2024-01-01 05:00:00,43.200974075974194,transfer
2024-01-01 06:00:00,264.8630276342351,transfer
2024-01-01 07:00:00,117.61713482594139,withdrawal
2024-01-01 08:00:00,34.141908366630645,purchase
2024-01-01 09:00:00,93.93095993001131,withdrawal
2024-01-01 10:00:00,34.349322917306985,transfer
2024-01-01 11:00:00,34.26999693431648,transfer
2024-01-01 12:00:00,69.54418260812884,withdrawal
2024-01-01 13:00:00,8.058438113871315,purchase
2024-01-01 14:00:00,9.72871836405847,purchase
2024-01-01 15:00:00,31.115698624781068,transfer
2024-01-01 16:00:00,19.829463350626344,transfer
2024-01-01 17:00:00,74.75733485409799,purchase
2024-01-01 18:00:00,22.020545952685218,withdrawal
2024-01-01 19:00:00,13.299099134223223,transfer
2024-01-01 20:00:00,236.4291932757092,purchase
2024-01-01 21:00:00,43.563676682262034,transfer
2024-01-01 22:00:00,58.41240050381755,withdrawal
2024-01-01 23:00:00,13.134624221550554,purchase
2024-01-02 00:00:00,31.677836600057525,transfer
2024-01-02 01:00:00,61.00297233014346,withdrawal
2024-01-02 02:00:00,17.27061362123908,transfer
2024-01-02 03:00:00,79.4953093748707,withdrawal
2024-01-02 04:00:00,29.944968389019706,withdrawal
2024-01-02 05:00:00,40.78466896802213,purchase
2024-01-02 06:00:00,29.913006558600582,withdrawal
2024-01-02 07:00:00,348.0263462448485,transfer
2024-01-02 08:00:00,53.86617744337426,withdrawal
2024-01-02 09:00:00,18.95919562422183,withdrawal
2024-01-02 10:00:00,124.2809728152438,purchase
2024-01-02 11:00:00,16.105427871177515,withdrawal
2024-01-02 12:00:00,67.28003897801074,withdrawal
2024-01-02 13:00:00,7.693146565689035,transfer
2024-01-02 14:00:00,14.466186361969449,purchase
2024-01-02 15:00:00,66.47734652515861,purchase
2024-01-02 16:00:00,884.5467275882351,purchase
2024-01-02 17:00:00,64.80406165078323,withdrawal
2024-01-02 18:00:00,48.635402762224146,purchase
2024-01-02 19:00:00,40.40268747490539,withdrawal
2024-01-02 20:00:00,12.446979831068465,withdrawal
2024-01-02 21:00:00,26.579913304692088,transfer
2024-01-02 22:00:00,34.444909754047835,transfer
2024-01-02 23:00:00,157.13765839121743,transfer
2024-01-03 00:00:00,76.98559216216569,transfer
2024-01-03 01:00:00,9.364817466140384,transfer
2024-01-03 02:00:00,75.49632423153768,withdrawal
2024-01-03 03:00:00,37.148289223192144,withdrawal
2024-01-03 04:00:00,27.745620271827672,purchase
2024-01-03 05:00:00,100.65273135145736,withdrawal
2024-01-03 06:00:00,153.0859491011339,withdrawal
2024-01-03 07:00:00,138.55676802898947,transfer
2024-01-03 08:00:00,23.589046590676908,withdrawal
2024-01-03 09:00:00,40.07639966999279,transfer
2024-01-03 10:00:00,76.04029760466724,purchase
2024-01-03 11:00:00,144.82775316964688,purchase
2024-01-03 12:00:00,33.812337887980696,withdrawal
2024-01-03 13:00:00,45.34686400968111,purchase
2024-01-03 14:00:00,18.059376543534235,withdrawal
2024-01-03 15:00:00,16.507145964682994,purchase
2024-01-03 16:00:00,123.0420076153785,transfer
2024-01-03 17:00:00,211.92660853303565,transfer
2024-01-03 18:00:00,50.80475123300298,transfer
2024-01-03 19:00:00,148.93841493079702,transfer
2024-01-03 20:00:00,78.38526984295432,withdrawal
2024-01-03 21:00:00,28.64217395308568,purchase
2024-01-03 22:00:00,78.36642675771073,withdrawal
2024-01-03 23:00:00,254.1784467138276,transfer
2024-01-04 00:00:00,52.676738366883185,withdrawal
2024-01-04 01:00:00,261.0321698386339,purchase
2024-01-04 02:00:00,3.9759149428027425,withdrawal
2024-01-04 03:00:00,124.20115939699143,purchase
2024-01-04 04:00:00,59.563744084432095,withdrawal
2024-01-04 05:00:00,40.48747429193092,purchase
2024-01-04 06:00:00,59.84517296487749,purchase
2024-01-04 07:00:00,7.481483381794714,transfer
2024-01-04 08:00:00,412.4739786655252,purchase
2024-01-04 09:00:00,78.0314984543691,transfer
2024-01-04 10:00:00,239.34213243224113,transfer
2024-01-04 11:00:00,32.51591890006048,transfer
2024-01-04 12:00:00,24.3250430318082,withdrawal
2024-01-04 13:00:00,33.0573177534015,withdrawal
2024-01-04 14:00:00,136.37413723295208,withdrawal
2024-01-04 15:00:00,75.84949968482118,withdrawal
2024-01-04 16:00:00,32.14444963857214,purchase
2024-01-04 17:00:00,91.2193853461853,purchase
2024-01-04 18:00:00,518.963101380229,withdrawal
2024-01-04 19:00:00,143.83186173564425,purchase
2024-01-04 20:00:00,27.057031231127574,purchase
2024-01-04 21:00:00,39.34377841239877,transfer
2024-01-04 22:00:00,36.88820480139583,transfer
2024-01-04 23:00:00,12.635180821129156,transfer
2024-01-05 00:00:00,73.41441287687361,transfer
2024-01-05 01:00:00,70.88474670072328,purchase
2024-01-05 02:00:00,54.87805032521179,withdrawal
2024-01-05 03:00:00,43.181530392738686,purchase
2024-01-05 04:00:00,13.258372742380296,purchase
2024-01-05 05:00:00,35.85039830248868,purchase
2024-01-05 06:00:00,38.75599616123672,transfer
2024-01-05 07:00:00,24.47672658520321,transfer
2024-01-05 08:00:00,46.46569453263233,transfer
2024-01-05 09:00:00,81.78148365624439,withdrawal
2024-01-05 10:00:00,360.0294743202462,purchase
2024-01-05 11:00:00,65.01238647089293,withdrawal
2024-01-05 12:00:00,70.6367389392024,transfer
2024-01-05 13:00:00,50.681151907706415,withdrawal
2024-01-05 14:00:00,8.014310728734689,purchase
2024-01-05 15:00:00,53.16956385011515,purchase
2024-01-05 16:00:00,57.987658878032875,transfer
2024-01-05 17:00:00,641.1363267117221,transfer
2024-01-05 18:00:00,45.043966009094156,withdrawal
2024-01-05 19:00:00,73.81392078442967,transfer
2024-01-05 20:00:00,52.73546715855663,transfer
2024-01-05 21:00:00,16.96787689961023,purchase
2024-01-05 22:00:00,171.19834806619318,transfer
2024-01-05 23:00:00,115.80792881347456,transfer
2024-01-06 00:00:00,120.4255773822695,purchase
2024-01-06 01:00:00,21.99054405337271,purchase
2024-01-06 02:00:00,222.0259597698642,withdrawal
2024-01-06 03:00:00,13.438838862555532,transfer
2024-01-06 04:00:00,98.18535735458744,purchase
2024-01-06 05:00:00,488.068432136597,withdrawal
2024-01-06 06:00:00,20.276522200084127,withdrawal
2024-01-06 07:00:00,30.991168301560254,transfer
2024-01-06 08:00:00,60.31925453312708,transfer
2024-01-06 09:00:00,33.00055389041992,withdrawal
2024-01-06 10:00:00,11.58066119969284,purchase
2024-01-06 11:00:00,58.47287519369047,withdrawal
2024-01-06 12:00:00,18.87231977305747,transfer
2024-01-06 13:00:00,87.67111035062236,purchase
2024-01-06 14:00:00,21.770933746639052,purchase
2024-01-06 15:00:00,257.2206829662032,withdrawal
2024-01-06 16:00:00,24.946828693946383,transfer
2024-01-06 17:00:00,39.5647465764294,withdrawal
2024-01-06 18:00:00,123.16405133026717,withdrawal
2024-01-06 19:00:00,15.944846659330995,withdrawal
2024-01-06 20:00:00,68.54290740218939,purchase
2024-01-06 21:00:00,201.77288925729144,purchase
2024-01-06 22:00:00,10.940995240054647,transfer
2024-01-06 23:00:00,65.669452204778,transfer
2024-01-07 00:00:00,70.80168460329274,withdrawal
2024-01-07 01:00:00,119.32166000698963,withdrawal
2024-01-07 02:00:00,15.84809476697573,withdrawal
2024-01-07 03:00:00,14.578435071678328,transfer
2024-01-07 04:00:00,92.01407602495084,purchase
2024-01-07 05:00:00,73.47789944890694,purchase
2024-01-07 06:00:00,70.13997233916332,withdrawal
2024-01-07 07:00:00,77.20376378214023,withdrawal
2024-01-07 08:00:00,27.65966675944167,withdrawal
2024-01-07 09:00:00,68.8722746486777,withdrawal
2024-01-07 10:00:00,73.19100078388729,transfer
2024-01-07 11:00:00,26.726312899543803,purchase
2024-01-07 12:00:00,352.7552632145388,withdrawal
2024-01-07 13:00:00,87.69219693565861,transfer
2024-01-07 14:00:00,16.58828134172027,withdrawal
2024-01-07 15:00:00,105.27264550735387,withdrawal
2024-01-07 16:00:00,20.60056143957984,purchase
2024-01-07 17:00:00,774.0373309065259,withdrawal
2024-01-07 18:00:00,173.92002706795515,purchase
2024-01-07 19:00:00,24.03035160712722,purchase
2024-01-07 20:00:00,143.07602455646892,purchase
2024-01-07 21:00:00,82.49856728409927,transfer
2024-01-07 22:00:00,124.22074195129903,transfer
2024-01-07 23:00:00,363.8686615667227,purchase
2024-01-08 00:00:00,42.71763719417129,withdrawal
2024-01-08 01:00:00,153.03323873171001,purchase
2024-01-08 02:00:00,22.431934039301147,withdrawal
2024-01-08 03:00:00,24.147713946910304,purchase
2024-01-08 04:00:00,50.54673180144008,withdrawal
2024-01-08 05:00:00,76.79595540862552,transfer
2024-01-08 06:00:00,72.00177700453384,withdrawal
2024-01-08 07:00:00,876.4947453860922,purchase
2024-01-08 08:00:00,55.31266422912732,transfer
2024-01-08 09:00:00,233.58220647878653,withdrawal
2024-01-08 10:00:00,41.9024026079245,withdrawal
2024-01-08 11:00:00,828.9577315732464,withdrawal
2024-01-08 12:00:00,102.07086712401683,withdrawal
2024-01-08 13:00:00,143.27918481295956,withdrawal
2024-01-08 14:00:00,18.710923579320077,transfer
2024-01-08 15:00:00,88.45309532983688,transfer
2024-01-08 16:00:00,43.66457858275468,transfer
2024-01-08 17:00:00,111.49731323827025,transfer
2024-01-08 18:00:00,621.3632572764843,purchase
2024-01-08 19:00:00,50.763169781631376,transfer
2024-01-08 20:00:00,23.411006661680922,withdrawal
2024-01-08 21:00:00,12.00295386981009,withdrawal
2024-01-08 22:00:00,34.934855227164384,transfer
2024-01-08 23:00:00,128.56039505188727,withdrawal
2024-01-09 00:00:00,67.63284542596385,transfer
2024-01-09 01:00:00,89.61913169408867,withdrawal
2024-01-09 02:00:00,64.92163491424115,purchase
2024-01-09 03:00:00,80.26369324004806,purchase
2024-01-09 04:00:00,22.559190949040357,transfer
2024-01-09 05:00:00,63.670739335022056,transfer
2024-01-09 06:00:00,403.1980062386929,transfer
2024-01-09 07:00:00,17.409737953429463,withdrawal
2024-01-09 08:00:00,78.08417100785121,transfer
2024-01-09 09:00:00,95.65849701299196,purchase
2024-01-09 10:00:00,161.26536584135206,withdrawal
2024-01-09 11:00:00,156.61679914467936,transfer
2024-01-09 12:00:00,13.76777383676196,withdrawal
2024-01-09 13:00:00,21.373994228639727,withdrawal
2024-01-09 14:00:00,91.38078871090327,transfer
2024-01-09 15:00:00,91.26669648586174,withdrawal
2024-01-09 16:00:00,91.3819235848647,purchase
2024-01-09 17:00:00,2572.752176389247,purchase
2024-01-09 18:00:00,96.63012162651337,withdrawal
2024-01-09 19:00:00,169.96042913832238,transfer
2024-01-09 20:00:00,141.74104464339587,withdrawal
2024-01-09 21:00:00,104.73059083813406,purchase
2024-01-09 22:00:00,39.83439580830804,withdrawal
2024-01-09 23:00:00,116.62564859142014,withdrawal
2024-01-10 00:00:00,25.20833731069269,purchase
2024-01-10 01:00:00,43.08527938852938,withdrawal
2024-01-10 02:00:00,33.60370914749213,withdrawal
2024-01-10 03:00:00,59.256420640598634,transfer
2024-01-10 04:00:00,552.6133477633863,transfer
2024-01-10 05:00:00,56.460727217861944,purchase
2024-01-10 06:00:00,108.44684990962217,purchase
2024-01-10 07:00:00,10.883894511578873,purchase
2024-01-10 08:00:00,276.6242891111875,transfer
2024-01-10 09:00:00,162.21953902416374,purchase
2024-01-10 10:00:00,58.22297399885078,purchase
2024-01-10 11:00:00,18.583149366650797,purchase
2024-01-10 12:00:00,26.700873780710513,transfer
2024-01-10 13:00:00,107.72673066264743,withdrawal
2024-01-10 14:00:00,26.30169453989576,purchase
2024-01-10 15:00:00,67.79297592016782,withdrawal
2024-01-10 16:00:00,57.143853828757436,purchase
2024-01-10 17:00:00,28.45715584211161,withdrawal
2024-01-10 18:00:00,465.88745371608263,transfer
2024-01-10 19:00:00,102.91660728828866,transfer
2024-01-10 20:00:00,7.205592159266631,purchase
2024-01-10 21:00:00,65.78910945097678,withdrawal
2024-01-10 22:00:00,28.16875923300765,transfer
2024-01-10 23:00:00,128.05160347143527,purchase
2024-01-11 00:00:00,24.71670328817925,purchase
2024-01-11 01:00:00,48.6797707378824,transfer
2024-01-11 02:00:00,90.46719320661644,transfer
2024-01-11 03:00:00,129.76890233484326,purchase
2024-01-11 04:00:00,94.11483046810578,withdrawal
2024-01-11 05:00:00,39.075620822729555,withdrawal
2024-01-11 06:00:00,33.95563055948435,withdrawal
2024-01-11 07:00:00,28.40799919848254,purchase
2024-01-11 08:00:00,319.08395190626715,transfer
2024-01-11 09:00:00,81.85764573179839,purchase
2024-01-11 10:00:00,15.473301357518379,transfer
2024-01-11 11:00:00,136.71000726078796,withdrawal
2024-01-11 12:00:00,455.84653053052085,withdrawal
2024-01-11 13:00:00,153.3104975268322,transfer
2024-01-11 14:00:00,11.94879019148234,transfer
2024-01-11 15:00:00,33.64168513806124,purchase
2024-01-11 16:00:00,193.81636704875228,withdrawal
2024-01-11 17:00:00,26.90549482623906,purchase
2024-01-11 18:00:00,85.09935260990567,purchase
2024-01-11 19:00:00,118.46695411179823,purchase
2024-01-11 20:00:00,21.60812774539568,withdrawal
2024-01-11 21:00:00,51.44301262082925,purchase
2024-01-11 22:00:00,2.1355680138357287,purchase
2024-01-11 23:00:00,19.601622798789883,purchase
2024-01-12 00:00:00,42.41202152593139,purchase
2024-01-12 01:00:00,15.677347217237717,purchase
2024-01-12 02:00:00,279.3348674690796,purchase
2024-01-12 03:00:00,13.063977351893035,withdrawal
2024-01-12 04:00:00,35.16163288540486,purchase
2024-01-12 05:00:00,62.22398754728012,transfer
2024-01-12 06:00:00,230.73578985645332,purchase
2024-01-12 07:00:00,12.989454667060427,purchase
2024-01-12 08:00:00,174.71634133134296,withdrawal
2024-01-12 09:00:00,55.15972464717912,withdrawal
2024-01-12 10:00:00,20.460400783173856,transfer
2024-01-12 11:00:00,86.6696248165239,transfer
2024-01-12 12:00:00,66.62365506052726,withdrawal
2024-01-12 13:00:00,29.9576022231532,withdrawal
2024-01-12 14:00:00,58.545374436829256,purchase
2024-01-12 15:00:00,37.13969720675039,withdrawal
2024-01-12 16:00:00,61.161465667445725,transfer
2024-01-12 17:00:00,105.86139821776884,purchase
2024-01-12 18:00:00,266.67130061240476,transfer
2024-01-12 19:00:00,15.834395449966221,purchase
2024-01-12 20:00:00,460.83191854393925,withdrawal
2024-01-12 21:00:00,7.75170020408899,transfer
2024-01-12 22:00:00,46.909250976374175,purchase
2024-01-12 23:00:00,98.32882375333996,purchase
2024-01-13 00:00:00,72.31212851581517,withdrawal
2024-01-13 01:00:00,29.291591056673866,withdrawal
2024-01-13 02:00:00,44.339580787436894,withdrawal
2024-01-13 03:00:00,33.34804217833696,transfer
2024-01-13 04:00:00,30.284476153464443,purchase
2024-01-13 05:00:00,127.68957167539492,withdrawal
2024-01-13 06:00:00,78.023923091417,transfer
2024-01-13 07:00:00,27.305561646013686,transfer
2024-01-13 08:00:00,134.23605779346119,transfer
2024-01-13 09:00:00,74.23973514174925,withdrawal
2024-01-13 10:00:00,123.08339316361224,withdrawal
2024-01-13 11:00:00,102.47602224786449,purchase
2024-01-13 12:00:00,23.83142264502429,purchase
2024-01-13 13:00:00,31.18131258631384,withdrawal
2024-01-13 14:00:00,115.27189073287329,transfer
2024-01-13 15:00:00,100.52136233247322,transfer
2024-01-13 16:00:00,53.46880533715776,transfer
2024-01-13 17:00:00,61.39493766546132,purchase
2024-01-13 18:00:00,195.91186618651918,transfer
2024-01-13 19:00:00,30.217723139314494,purchase
2024-01-13 20:00:00,94.35812476749362,purchase
2024-01-13 21:00:00,44.603277709323464,transfer
2024-01-13 22:00:00,43.91776011829843,transfer
2024-01-13 23:00:00,163.8214068757755,withdrawal
2024-01-14 00:00:00,124.63835063304056,withdrawal
2024-01-14 01:00:00,123.16311758168222,transfer
2024-01-14 02:00:00,201.43742900914134,purchase
2024-01-14 03:00:00,55.757048990155695,purchase
2024-01-14 04:00:00,107.98075008619597,purchase
2024-01-14 05:00:00,40.03416615497749,purchase
2024-01-14 06:00:00,75.50254410848964,purchase
2024-01-14 07:00:00,47.93552820362951,withdrawal
2024-01-14 08:00:00,60.159295250852175,transfer
2024-01-14 09:00:00,99.00368042334003,withdrawal
2024-01-14 10:00:00,24.089578432055216,purchase
2024-01-14 11:00:00,442.47646459849835,purchase
2024-01-14 12:00:00,19.965037494007994,purchase
2024-01-14 13:00:00,16.212967535840118,purchase
2024-01-14 14:00:00,1559.2977167610375,transfer
2024-01-14 15:00:00,120.50155940447335,purchase
2024-01-14 16:00:00,101.91303148150668,transfer
2024-01-14 17:00:00,102.34459577169761,purchase
2024-01-14 18:00:00,53.933576637763075,transfer
2024-01-14 19:00:00,22.258982355424465,withdrawal
2024-01-14 20:00:00,510.1875127790106,purchase
2024-01-14 21:00:00,27.738970132815112,transfer
2024-01-14 22:00:00,144.76615745733895,withdrawal
2024-01-14 23:00:00,47.13154954498001,purchase
2024-01-15 00:00:00,141.458636910491,purchase
2024-01-15 01:00:00,39.59148850227643,purchase
2024-01-15 02:00:00,82.51098650860726,transfer
2024-01-15 03:00:00,31.071016744824302,transfer
2024-01-15 04:00:00,23.993419480370697,withdrawal
2024-01-15 05:00:00,69.66424566633368,transfer
2024-01-15 06:00:00,69.75342832515663,transfer
2024-01-15 07:00:00,32.88632193370694,purchase
2024-01-15 08:00:00,34.08855489525479,purchase
2024-01-15 09:00:00,68.85824267716222,purchase
2024-01-15 10:00:00,12.831661334350287,purchase
2024-01-15 11:00:00,13.363621819238153,purchase
2024-01-15 12:00:00,26.61715090155777,purchase
2024-01-15 13:00:00,44.10410439432553,purchase
2024-01-15 14:00:00,74.50807923387954,withdrawal
2024-01-15 15:00:00,238.73549341503713,withdrawal
2024-01-15 16:00:00,128.72258993911842,withdrawal
2024-01-15 17:00:00,46.52833445030616,withdrawal
2024-01-15 18:00:00,53.569709769478166,purchase
2024-01-15 19:00:00,20.034797472699907,withdrawal
2024-01-15 20:00:00,53.5966659655901,purchase
2024-01-15 21:00:00,40.90864300256479,withdrawal
2024-01-15 22:00:00,75.39331121014442,transfer
2024-01-15 23:00:00,198.64995074164312,withdrawal
2024-01-16 00:00:00,91.7756043273578,withdrawal
2024-01-16 01:00:00,252.8354578709505,purchase
2024-01-16 02:00:00,48.97156637109274,withdrawal
2024-01-16 03:00:00,81.59040931017186,transfer
2024-01-16 04:00:00,108.86885489155047,purchase
2024-01-16 05:00:00,36.553594573862405,purchase
2024-01-16 06:00:00,68.31248059062214,withdrawal
2024-01-16 07:00:00,475.496384439003,purchase
2024-01-16 08:00:00,60.200225523712646,purchase
2024-01-16 09:00:00,25.203685054415093,purchase
2024-01-16 10:00:00,55.95289489997111,purchase
2024-01-16 11:00:00,89.83712344249591,purchase
2024-01-16 12:00:00,233.02450222367017,purchase
2024-01-16 13:00:00,142.48985811957292,transfer
2024-01-16 14:00:00,470.2114360639773,withdrawal
2024-01-16 15:00:00,25.346798676501635,transfer
2024-01-16 16:00:00,130.62369558547232,purchase
2024-01-16 17:00:00,65.58467171321807,purchase
2024-01-16 18:00:00,487.7499774242243,withdrawal
2024-01-16 19:00:00,24.329794603343313,transfer
2024-01-16 20:00:00,23.577153186563503,withdrawal
2024-01-16 21:00:00,29.98230440776758,transfer
2024-01-16 22:00:00,6.528023879652988,purchase
2024-01-16 23:00:00,32.273452179321154,withdrawal
2024-01-17 00:00:00,25.555877732880255,withdrawal
2024-01-17 01:00:00,63.45898466850323,purchase
2024-01-17 02:00:00,76.84235425051803,withdrawal
2024-01-17 03:00:00,356.441752431362,transfer
2024-01-17 04:00:00,141.2348119441438,transfer
2024-01-17 05:00:00,30.66421514733125,transfer
2024-01-17 06:00:00,22.233170239050924,transfer
2024-01-17 07:00:00,89.29264945016737,purchase
2024-01-17 08:00:00,14.58169234630554,withdrawal
2024-01-17 09:00:00,340.85554500843205,transfer
2024-01-17 10:00:00,177.58335791276318,purchase
2024-01-17 11:00:00,34.152109233285074,withdrawal
2024-01-17 12:00:00,9.844032863070652,withdrawal
2024-01-17 13:00:00,211.42543310394876,purchase
2024-01-17 14:00:00,48.689341937321515,purchase
2024-01-17 15:00:00,188.25855527089055,transfer
2024-01-17 16:00:00,11.084772739182258,withdrawal
2024-01-17 17:00:00,29.98283277529022,withdrawal
2024-01-17 18:00:00,54.88519827675125,purchase
2024-01-17 19:00:00,57.22441218359078,withdrawal
2024-01-17 20:00:00,34.811038282821,transfer
2024-01-17 21:00:00,101.78369581969318,withdrawal
2024-01-17 22:00:00,18.772247279275888,purchase
2024-01-17 23:00:00,47.352542542923175,purchase
2024-01-18 00:00:00,61.57744381894817,transfer
2024-01-18 01:00:00,91.32630242957855,transfer
2024-01-18 02:00:00,111.23164048607849,withdrawal
2024-01-18 03:00:00,17.73176933086533,withdrawal
2024-01-18 04:00:00,11.773907205448593,purchase
2024-01-18 05:00:00,195.91420266693467,transfer
2024-01-18 06:00:00,76.12022604260669,transfer
2024-01-18 07:00:00,25.829402206068657,transfer
2024-01-18 08:00:00,257.53405802245294,withdrawal
2024-01-18 09:00:00,61.29355104904613,transfer
2024-01-18 10:00:00,177.55797655516895,purchase
2024-01-18 11:00:00,58.411832546580825,purchase
2024-01-18 12:00:00,428.69594935203924,withdrawal
2024-01-18 13:00:00,315.87319216879285,withdrawal
2024-01-18 14:00:00,42.56515034771606,transfer
2024-01-18 15:00:00,144.25332436122233,withdrawal
2024-01-18 16:00:00,104.10249571959181,purchase
2024-01-18 17:00:00,214.56904131955147,transfer
2024-01-18 18:00:00,20.80257005518794,purchase
2024-01-18 19:00:00,108.42421612011836,transfer
2024-01-18 20:00:00,157.34242587871663,withdrawal
2024-01-18 21:00:00,9.40517917470541,transfer
2024-01-18 22:00:00,16.7222720625707,transfer
2024-01-18 23:00:00,7.104780179608949,purchase
2024-01-19 00:00:00,41.703838109124476,purchase
2024-01-19 01:00:00,111.89291029409999,transfer
2024-01-19 02:00:00,245.2693641472237,withdrawal
2024-01-19 03:00:00,58.797232085443014,withdrawal
2024-01-19 04:00:00,278.27658956476944,purchase
2024-01-19 05:00:00,13.734330053776533,withdrawal
2024-01-19 06:00:00,9.940502380060078,purchase
2024-01-19 07:00:00,51.64804278810794,withdrawal
2024-01-19 08:00:00,80.16327152483431,transfer
2024-01-19 09:00:00,52.8419430815097,purchase
2024-01-19 10:00:00,6.907155477306536,purchase
2024-01-19 11:00:00,49.94288040430486,transfer
2024-01-19 12:00:00,14.813375157236644,purchase
2024-01-19 13:00:00,106.66280985152846,withdrawal
2024-01-19 14:00:00,78.77520154243308,withdrawal
2024-01-19 15:00:00,21.33012118011382,purchase
2024-01-19 16:00:00,32.65941196594521,withdrawal
2024-01-19 17:00:00,18.930729063043312,purchase
2024-01-19 18:00:00,51.281030231415826,transfer
2024-01-19 19:00:00,141.90280061360758,purchase
2024-01-19 20:00:00,20.374292888472553,transfer
2024-01-19 21:00:00,90.38212499748802,withdrawal
2024-01-19 22:00:00,32.12846449579063,transfer
2024-01-19 23:00:00,24.708002221348202,withdrawal
2024-01-20 00:00:00,49.05635013138734,purchase
2024-01-20 01:00:00,19.39000403944283,withdrawal
2024-01-20 02:00:00,31.3856472558672,purchase
2024-01-20 03:00:00,16.479581132006757,purchase
2024-01-20 04:00:00,389.44596748049304,transfer
2024-01-20 05:00:00,56.55782420033709,transfer
2024-01-20 06:00:00,27.12008214484757,transfer
2024-01-20 07:00:00,67.62514698766712,transfer
2024-01-20 08:00:00,48.797151990672724,withdrawal
2024-01-20 09:00:00,43.7735783115443,withdrawal
2024-01-20 10:00:00,548.1213716530337,withdrawal
2024-01-20 11:00:00,116.45532348401659,purchase
2024-01-20 12:00:00,32.120641227946976,withdrawal
2024-01-20 13:00:00,30.69751661664687,withdrawal
2024-01-20 14:00:00,41.46908885563964,withdrawal
2024-01-20 15:00:00,39.88755287886887,transfer
2024-01-20 16:00:00,11.998827513445303,withdrawal
2024-01-20 17:00:00,214.19231237805104,purchase
2024-01-20 18:00:00,282.8644233735061,transfer
2024-01-20 19:00:00,42.56209040319459,purchase
2024-01-20 20:00:00,97.17922587478431,withdrawal
2024-01-20 21:00:00,74.53360925107904,transfer
2024-01-20 22:00:00,11672.714702645371,purchase
2024-01-20 23:00:00,167.26425238552002,withdrawal
2024-01-21 00:00:00,48.04232573550542,purchase
2024-01-21 01:00:00,20.998679596711987,purchase
2024-01-21 02:00:00,10.952345998380094,purchase
2024-01-21 03:00:00,66.91770868160418,withdrawal
2024-01-21 04:00:00,25.627071025899998,withdrawal
2024-01-21 05:00:00,13.167429133060148,purchase
2024-01-21 06:00:00,28.60058338679558,transfer
2024-01-21 07:00:00,18.512607683669305,transfer
2024-01-21 08:00:00,295.0490563045568,withdrawal
2024-01-21 09:00:00,131.84668324291601,withdrawal
2024-01-21 10:00:00,54.16458917551617,withdrawal
2024-01-21 11:00:00,1471.8684084117037,withdrawal
2024-01-21 12:00:00,58.99002180463314,withdrawal
2024-01-21 13:00:00,23.07421588519894,transfer
2024-01-21 14:00:00,250.4161358060203,withdrawal
2024-01-21 15:00:00,93.58873687253899,purchase
2024-01-21 16:00:00,19.351188633432763,purchase
2024-01-21 17:00:00,45.135149991358986,transfer
2024-01-21 18:00:00,22.745828060291966,purchase
2024-01-21 19:00:00,13.697321037924242,transfer
2024-01-21 20:00:00,137.8515728859974,transfer
2024-01-21 21:00:00,368.49112988456983,purchase
2024-01-21 22:00:00,13.483037665203051,withdrawal
2024-01-21 23:00:00,95.86771157222465,purchase
2024-01-22 00:00:00,28.484424550299156,purchase
2024-01-22 01:00:00,306.57517496658295,transfer
2024-01-22 02:00:00,30.192878211550276,purchase
2024-01-22 03:00:00,23.011848381775458,transfer
2024-01-22 04:00:00,57.312664941494056,withdrawal
2024-01-22 05:00:00,23.784875217194028,withdrawal
2024-01-22 06:00:00,71.55431601024053,withdrawal
2024-01-22 07:00:00,51.92300200539344,purchase
2024-01-22 08:00:00,42.99362948186899,transfer
2024-01-22 09:00:00,22.030686843192477,withdrawal
2024-01-22 10:00:00,30.668273060961205,transfer
2024-01-22 11:00:00,116.20910827655831,transfer
2024-01-22 12:00:00,90.09973177360827,withdrawal
2024-01-22 13:00:00,20.54144916251841,withdrawal
2024-01-22 14:00:00,60.300012162275195,transfer
2024-01-22 15:00:00,115.74472543961097,withdrawal
2024-01-22 16:00:00,10.28405583687233,transfer
2024-01-22 17:00:00,94.00614875142658,transfer
2024-01-22 18:00:00,28.145183566177234,withdrawal
2024-01-22 19:00:00,96.6019250035748,purchase
2024-01-22 20:00:00,25.45063881474845,withdrawal
2024-01-22 21:00:00,8.981059855391186,purchase
2024-01-22 22:00:00,10.723714120663805,transfer
2024-01-22 23:00:00,57.287643037106065,transfer
2024-01-23 00:00:00,70.79033653188577,purchase
2024-01-23 01:00:00,22.1023375604341,transfer
2024-01-23 02:00:00,103.39870716717726,purchase
2024-01-23 03:00:00,10.365468424040166,purchase
2024-01-23 04:00:00,51.1069349522488,transfer
2024-01-23 05:00:00,16.264483436881388,purchase
2024-01-23 06:00:00,28.450447568265982,withdrawal
2024-01-23 07:00:00,57.2483414275237,withdrawal
2024-01-23 08:00:00,23.094318495854555,transfer
2024-01-23 09:00:00,37.16786172571237,transfer
2024-01-23 10:00:00,149.35003951089448,purchase
2024-01-23 11:00:00,30.664576562170943,purchase
2024-01-23 12:00:00,125.92570775506833,purchase
2024-01-23 13:00:00,156.29724591562285,purchase
2024-01-23 14:00:00,92.74039868566248,withdrawal
2024-01-23 15:00:00,230.80394348801818,withdrawal
2024-01-23 16:00:00,4.610588471160021,transfer
2024-01-23 17:00:00,24.608815798406653,purchase
2024-01-23 18:00:00,97.22930202323835,purchase
2024-01-23 19:00:00,398.183936293118,transfer
2024-01-23 20:00:00,79.13425760529041,purchase
2024-01-23 21:00:00,29.84492513879303,purchase
2024-01-23 22:00:00,59.53651295656475,purchase
2024-01-23 23:00:00,46.727028435445746,purchase
2024-01-24 00:00:00,175.52510158626308,purchase
2024-01-24 01:00:00,70.41602346490207,transfer
2024-01-24 02:00:00,76.5238656969829,purchase
2024-01-24 03:00:00,36.166129579926796,transfer
2024-01-24 04:00:00,33.52843135071192,purchase
2024-01-24 05:00:00,35.42585115265888,withdrawal
2024-01-24 06:00:00,81.00024200453603,withdrawal
2024-01-24 07:00:00,35.83824141280293,withdrawal
2024-01-24 08:00:00,72.9500424516321,withdrawal
2024-01-24 09:00:00,435.02382453958785,transfer
2024-01-24 10:00:00,130.46757173505435,transfer
2024-01-24 11:00:00,39.40830054444436,purchase
2024-01-24 12:00:00,181.49242588335645,withdrawal
2024-01-24 13:00:00,36.303880158550506,transfer
2024-01-24 14:00:00,7.112654096611243,purchase
2024-01-24 15:00:00,109.33793670072794,purchase
2024-01-24 16:00:00,57.00651416431536,transfer
2024-01-24 17:00:00,38.416479299437746,withdrawal
2024-01-24 18:00:00,55.61307743077691,purchase
2024-01-24 19:00:00,1910.09554352634,withdrawal
2024-01-24 20:00:00,75.71129629113906,withdrawal
2024-01-24 21:00:00,43.85547073278993,withdrawal
2024-01-24 22:00:00,125.13655501996415,purchase
2024-01-24 23:00:00,5.9826564455675175,withdrawal
2024-01-25 00:00:00,69.10413419251208,purchase
2024-01-25 01:00:00,118.02130911554305,withdrawal
2024-01-25 02:00:00,12.446180070940839,purchase
2024-01-25 03:00:00,171.35784713344736,withdrawal
2024-01-25 04:00:00,76.59228912341734,transfer
2024-01-25 05:00:00,36.042978950168994,withdrawal
2024-01-25 06:00:00,102.79964154578559,withdrawal
2024-01-25 07:00:00,528.8436644309921,purchase
2024-01-25 08:00:00,65.48795647069413,purchase
2024-01-25 09:00:00,69.98077673757902,withdrawal
2024-01-25 10:00:00,308.281760282579,transfer
2024-01-25 11:00:00,23.33969666778758,transfer
2024-01-25 12:00:00,125.25301562785657,purchase
2024-01-25 13:00:00,23.194523020313184,transfer
2024-01-25 14:00:00,58.648748546684324,withdrawal
2024-01-25 15:00:00,33.863663055426954,purchase
2024-01-25 16:00:00,88.14470383406312,withdrawal
2024-01-25 17:00:00,76.22291240973988,purchase
2024-01-25 18:00:00,154.09047721194284,purchase
2024-01-25 19:00:00,32.785410058646114,purchase
2024-01-25 20:00:00,41.684321075433196,purchase
2024-01-25 21:00:00,20.516640410588852,transfer
2024-01-25 22:00:00,35.01255599685466,withdrawal
2024-01-25 23:00:00,616.6143585603112,withdrawal
2024-01-26 00:00:00,116.39488798116614,withdrawal
2024-01-26 01:00:00,21.711339373161337,purchase
2024-01-26 02:00:00,130.26957016132047,transfer
2024-01-26 03:00:00,211.799031152269,withdrawal
2024-01-26 04:00:00,82.55253703637688,transfer
2024-01-26 05:00:00,356.6645886507666,purchase
2024-01-26 06:00:00,25.184048571456398,withdrawal
2024-01-26 07:00:00,15.726470263484602,transfer
2024-01-26 08:00:00,9.21912150057618,purchase
2024-01-26 09:00:00,243.72591908233403,transfer
2024-01-26 10:00:00,105.04256577613981,withdrawal
2024-01-26 11:00:00,51.64613329125452,withdrawal
2024-01-26 12:00:00,393.2791532061183,purchase
2024-01-26 13:00:00,17.71675767000752,purchase
2024-01-26 14:00:00,630.020261271488,purchase
2024-01-26 15:00:00,62.129516499985,transfer
2024-01-26 16:00:00,60.90984344666959,transfer
2024-01-26 17:00:00,112.81695340324572,transfer
2024-01-26 18:00:00,88.32376685837043,purchase
2024-01-26 19:00:00,68.2982418237029,withdrawal
2024-01-26 20:00:00,24.767332440742454,withdrawal
2024-01-26 21:00:00,87.48508810088741,transfer
2024-01-26 22:00:00,358.5343590084723,transfer
2024-01-26 23:00:00,209.6459270721983,withdrawal
2024-01-27 00:00:00,268.5901539894658,withdrawal
2024-01-27 01:00:00,32.74611481918798,transfer
2024-01-27 02:00:00,197.57955277136,transfer
2024-01-27 03:00:00,48.14479727185102,withdrawal
2024-01-27 04:00:00,57.726994840071335,purchase
2024-01-27 05:00:00,163.07195065464197,transfer
2024-01-27 06:00:00,10.049625501567705,withdrawal
2024-01-27 07:00:00,252.03055230311625,withdrawal
2024-01-27 08:00:00,46.61825028229625,withdrawal
2024-01-27 09:00:00,35.62753984893033,withdrawal
2024-01-27 10:00:00,19.843879553259175,purchase
2024-01-27 11:00:00,10.434768216233111,withdrawal
2024-01-27 12:00:00,124.35875625342602,transfer
2024-01-27 13:00:00,58.75157535326373,purchase
2024-01-27 14:00:00,15.029863174928561,withdrawal
2024-01-27 15:00:00,14.953138754535207,purchase
2024-01-27 16:00:00,39.025500862098475,transfer
2024-01-27 17:00:00,289.7508817307385,withdrawal
2024-01-27 18:00:00,42.1151969668014,transfer
2024-01-27 19:00:00,12.144265060612984,withdrawal
2024-01-27 20:00:00,42.70247734137529,withdrawal
2024-01-27 21:00:00,41.56574664999366,withdrawal
2024-01-27 22:00:00,3.6807383000003413,withdrawal
2024-01-27 23:00:00,51.71278967844634,withdrawal
2024-01-28 00:00:00,43.339543791827055,purchase
2024-01-28 01:00:00,109.53086315213045,withdrawal
2024-01-28 02:00:00,346.872089885194,withdrawal
2024-01-28 03:00:00,168.4375452161166,purchase
2024-01-28 04:00:00,41.725452297165035,purchase
2024-01-28 05:00:00,18.05592871041407,purchase
2024-01-28 06:00:00,715.7706563217351,purchase
2024-01-28 07:00:00,506.671438674331,purchase
2024-01-28 08:00:00,55.3639849896308,purchase
2024-01-28 09:00:00,53.296726506107156,withdrawal
2024-01-28 10:00:00,66.55873299286556,withdrawal
2024-01-28 11:00:00,47.25883346355265,transfer
2024-01-28 12:00:00,30.763779051436785,withdrawal
2024-01-28 13:00:00,31.59949245014513,withdrawal
2024-01-28 14:00:00,52.838850749360766,purchase
2024-01-28 15:00:00,31.70819703067832,purchase
2024-01-28 16:00:00,26.766583289653124,withdrawal
2024-01-28 17:00:00,60.72953953367162,transfer
2024-01-28 18:00:00,42.309971138123544,purchase
2024-01-28 19:00:00,245.670937633891,withdrawal
2024-01-28 20:00:00,3.8536863804645893,withdrawal
2024-01-28 21:00:00,162.63474398338047,transfer
2024-01-28 22:00:00,1466.4727638470079,transfer
2024-01-28 23:00:00,6.866192748877365,purchase
2024-01-29 00:00:00,38.7570395815125,transfer
2024-01-29 01:00:00,37.65851663100869,withdrawal
2024-01-29 02:00:00,13.362981445263614,withdrawal
2024-01-29 03:00:00,25.08282408282981,transfer
2024-01-29 04:00:00,17.9829512185012,transfer
2024-01-29 05:00:00,314.9048228301425,transfer
2024-01-29 06:00:00,139.1675208081365,transfer
2024-01-29 07:00:00,194.71853293732883,purchase
2024-01-29 08:00:00,112.35596205721467,transfer
2024-01-29 09:00:00,17.653750059698528,purchase
2024-01-29 10:00:00,32.31332661122704,withdrawal
2024-01-29 11:00:00,89.06572329832969,transfer
2024-01-29 12:00:00,16.08475921606071,purchase
2024-01-29 13:00:00,111.38564176385235,transfer
2024-01-29 14:00:00,42.934452913582874,withdrawal
2024-01-29 15:00:00,37.53144790918884,withdrawal
2024-01-29 16:00:00,111.15881763396082,withdrawal
2024-01-29 17:00:00,85.13713517966423,transfer
2024-01-29 18:00:00,38.05505146795968,transfer
2024-01-29 19:00:00,174.04777027832088,purchase
2024-01-29 20:00:00,18.521582475336825,withdrawal
2024-01-29 21:00:00,101.0823576603007,transfer
2024-01-29 22:00:00,98.80036093825795,withdrawal
2024-01-29 23:00:00,40.06301384512545,withdrawal
2024-01-30 00:00:00,75.65117878807044,purchase
2024-01-30 01:00:00,15.625222313960156,purchase
2024-01-30 02:00:00,137.55543771156607,purchase
2024-01-30 03:00:00,45.38119733103245,purchase
2024-01-30 04:00:00,32.37145381928707,withdrawal
2024-01-30 05:00:00,155.86795801286712,purchase
2024-01-30 06:00:00,26.995125413311133,purchase
2024-01-30 07:00:00,13.350297959173961,purchase
2024-01-30 08:00:00,88.78723676342346,purchase
2024-01-30 09:00:00,100.08401180591983,withdrawal
2024-01-30 10:00:00,15.173805934700784,purchase
2024-01-30 11:00:00,315.70056397343,withdrawal
2024-01-30 12:00:00,6.807810745984718,transfer
2024-01-30 13:00:00,2945.4349206085712,withdrawal
2024-01-30 14:00:00,67.42510775715854,withdrawal
2024-01-30 15:00:00,49.56509658467098,purchase
2024-01-30 16:00:00,31.660850359070654,transfer
2024-01-30 17:00:00,81.38053481309382,transfer
2024-01-30 18:00:00,52.58154999046165,transfer
2024-01-30 19:00:00,164.56438338909396,transfer
2024-01-30 20:00:00,61.20492429769777,withdrawal
2024-01-30 21:00:00,63.453145123225944,transfer
2024-01-30 22:00:00,37.95448914118539,withdrawal
2024-01-30 23:00:00,51.575893148595846,withdrawal
2024-01-31 00:00:00,74.27703126656006,withdrawal
2024-01-31 01:00:00,9.873274954182477,transfer
2024-01-31 02:00:00,14.179745567569206,purchase
2024-01-31 03:00:00,114.8083359463896,purchase
2024-01-31 04:00:00,64.7714835695084,transfer
2024-01-31 05:00:00,45.42291274036486,purchase
2024-01-31 06:00:00,55.61394243640551,purchase
2024-01-31 07:00:00,77.2913235440654,withdrawal
2024-01-31 08:00:00,31.824623679466086,withdrawal
2024-01-31 09:00:00,25.070585702898747,transfer
2024-01-31 10:00:00,66.40984111725747,transfer
2024-01-31 11:00:00,20.524662716400208,purchase
2024-01-31 12:00:00,82.12584415979737,withdrawal
2024-01-31 13:00:00,9.94844637499363,transfer
2024-01-31 14:00:00,152.80393626934472,transfer
2024-01-31 15:00:00,737.3489708391202,transfer
2024-01-31 16:00:00,70.52940635810315,transfer
2024-01-31 17:00:00,145.86637807060583,transfer
2024-01-31 18:00:00,288.72493257158294,transfer
2024-01-31 19:00:00,150.5612630803987,purchase
2024-01-31 20:00:00,8.663560390866383,withdrawal
2024-01-31 21:00:00,15.186745384731383,withdrawal
2024-01-31 22:00:00,29.22958619911456,transfer
2024-01-31 23:00:00,56.04141944067947,withdrawal
2024-02-01 00:00:00,91.62086416487992,withdrawal
2024-02-01 01:00:00,26.423563974780095,withdrawal
2024-02-01 02:00:00,65.8096684506508,transfer
2024-02-01 03:00:00,25.651885242444976,transfer
2024-02-01 04:00:00,29.620959353083745,withdrawal
2024-02-01 05:00:00,13.37435280435374,withdrawal
2024-02-01 06:00:00,21.688165733665198,transfer
2024-02-01 07:00:00,14.130214744952374,purchase
2024-02-01 08:00:00,20.576028785174557,withdrawal
2024-02-01 09:00:00,156.5917024636406,purchase
2024-02-01 10:00:00,21.128040907507515,withdrawal
2024-02-01 11:00:00,3880.098705608022,purchase
2024-02-01 12:00:00,89.41763309063748,purchase
2024-02-01 13:00:00,65.68273619060251,purchase
2024-02-01 14:00:00,23.141839658075998,transfer
2024-02-01 15:00:00,109.98124809634074,purchase
2024-02-01 16:00:00,30.703055390523037,purchase
2024-02-01 17:00:00,61.68308934423777,purchase
2024-02-01 18:00:00,706.3314041055595,withdrawal
2024-02-01 19:00:00,49.59748368443687,purchase
2024-02-01 20:00:00,172.30623440092194,withdrawal
2024-02-01 21:00:00,27.02665428733248,purchase
2024-02-01 22:00:00,52.720876177239944,purchase
2024-02-01 23:00:00,320.79446934119807,transfer
2024-02-02 00:00:00,29.166854428176915,withdrawal
2024-02-02 01:00:00,334.4370123655332,purchase
2024-02-02 02:00:00,110.80278788963909,withdrawal
2024-02-02 03:00:00,31.110121739771564,withdrawal
2024-02-02 04:00:00,102.76118861266417,transfer
2024-02-02 05:00:00,144.39526710302482,transfer
2024-02-02 06:00:00,101.67789883867422,transfer
2024-02-02 07:00:00,11.35632980004951,transfer
2024-02-02 08:00:00,26.386772005323145,transfer
2024-02-02 09:00:00,42.62672331434579,transfer
2024-02-02 10:00:00,50.68178475027995,transfer
2024-02-02 11:00:00,101.56226894827901,transfer
2024-02-02 12:00:00,65.21574978840457,purchase
2024-02-02 13:00:00,14.363002669223228,withdrawal
2024-02-02 14:00:00,79.85383100304163,transfer
2024-02-02 15:00:00,100.54302499443621,transfer
2024-02-02 16:00:00,95.56345221259706,withdrawal
2024-02-02 17:00:00,160.89962535384228,purchase
2024-02-02 18:00:00,125.70302173267415,withdrawal
2024-02-02 19:00:00,86.41662525467873,withdrawal
2024-02-02 20:00:00,50.898542498598076,transfer
2024-02-02 21:00:00,10.371265676028148,withdrawal
2024-02-02 22:00:00,83.89937961711942,withdrawal
2024-02-02 23:00:00,67.20097035041103,transfer
2024-02-03 00:00:00,398.2656815708144,transfer
2024-02-03 01:00:00,15.229760240149243,transfer
2024-02-03 02:00:00,18.521708185293075,transfer
2024-02-03 03:00:00,156.51515671859877,withdrawal
2024-02-03 04:00:00,52.48066657934747,withdrawal
2024-02-03 05:00:00,107.93192425097565,purchase
2024-02-03 06:00:00,56.166381060238415,purchase
2024-02-03 07:00:00,56.24719310566557,withdrawal
2024-02-03 08:00:00,139.53058240946518,purchase
2024-02-03 09:00:00,32.58836333652939,withdrawal
2024-02-03 10:00:00,60.106667587358174,purchase
2024-02-03 11:00:00,34.388586147862554,transfer
2024-02-03 12:00:00,35.357260936558255,purchase
2024-02-03 13:00:00,40.07801287303195,transfer
2024-02-03 14:00:00,68.17880719614944,transfer
2024-02-03 15:00:00,33.82673202910315,transfer
2024-02-03 16:00:00,191.6663549104073,transfer
2024-02-03 17:00:00,22.317981476446796,purchase
2024-02-03 18:00:00,45.291906670805275,withdrawal
2024-02-03 19:00:00,35.172655267817255,transfer
2024-02-03 20:00:00,232.05580565419703,purchase
2024-02-03 21:00:00,618.7101061180969,transfer
2024-02-03 22:00:00,153.21536399759498,purchase
2024-02-03 23:00:00,12.35968080629947,purchase
2024-02-04 00:00:00,71.31097665625732,purchase
2024-02-04 01:00:00,132.90449607032352,withdrawal
2024-02-04 02:00:00,59.28071185556259,purchase
2024-02-04 03:00:00,158.4565423657711,purchase
2024-02-04 04:00:00,32.54785767002988,withdrawal
2024-02-04 05:00:00,1669.9758259917473,withdrawal
2024-02-04 06:00:00,543.9721896701225,purchase
2024-02-04 07:00:00,37.98386406056229,withdrawal
2024-02-04 08:00:00,34.97024225635143,transfer
2024-02-04 09:00:00,233.5472651851184,transfer
2024-02-04 10:00:00,264.95821802647265,withdrawal
2024-02-04 11:00:00,32.367019019159656,withdrawal
2024-02-04 12:00:00,35.86683968230915,purchase
2024-02-04 13:00:00,41.19081897620472,withdrawal
2024-02-04 14:00:00,14.23280468013388,purchase
2024-02-04 15:00:00,21.787753666141942,transfer
2024-02-04 16:00:00,20.00253935507329,withdrawal
2024-02-04 17:00:00,25.335395126930422,purchase
2024-02-04 18:00:00,52.73688482923408,purchase
2024-02-04 19:00:00,69.00746813193196,transfer
2024-02-04 20:00:00,257.3663336775029,withdrawal
2024-02-04 21:00:00,20.118624121322906,transfer
2024-02-04 22:00:00,146.1045408176451,purchase
2024-02-04 23:00:00,44.08022000073599,purchase
2024-02-05 00:00:00,318.57278629539354,withdrawal
2024-02-05 01:00:00,107.21321252056762,purchase
2024-02-05 02:00:00,17.76584828061019,withdrawal
2024-02-05 03:00:00,80.0306547925405,transfer
2024-02-05 04:00:00,64.48626195779127,withdrawal
2024-02-05 05:00:00,89.3401740420098,withdrawal
2024-02-05 06:00:00,72.90583259002943,purchase
2024-02-05 07:00:00,636.0646059801827,purchase
2024-02-05 08:00:00,28.854328482300893,withdrawal
2024-02-05 09:00:00,32.10471952398859,purchase
2024-02-05 10:00:00,29.278676119566807,purchase
2024-02-05 11:00:00,31.328332532559095,purchase
2024-02-05 12:00:00,28.864511729002363,withdrawal
2024-02-05 13:00:00,179.29213795639063,purchase
2024-02-05 14:00:00,225.99305031702693,withdrawal
2024-02-05 15:00:00,30.853608300489974,purchase
2024-02-05 16:00:00,23.751470085355162,transfer
2024-02-05 17:00:00,87.48046894460607,purchase
2024-02-05 18:00:00,31.430443320433717,purchase
2024-02-05 19:00:00,102.81505767738356,withdrawal
2024-02-05 20:00:00,66.88154174053628,withdrawal
2024-02-05 21:00:00,11.992193362994946,purchase
2024-02-05 22:00:00,256.596599854039,transfer
2024-02-05 23:00:00,328.94075978069964,purchase
2024-02-06 00:00:00,29.583338357417958,purchase
2024-02-06 01:00:00,37.05111478909812,transfer
2024-02-06 02:00:00,72.66540348419784,withdrawal
2024-02-06 03:00:00,76.28350966669464,purchase
2024-02-06 04:00:00,105.48241669976788,withdrawal
2024-02-06 05:00:00,407.5666749338774,withdrawal
2024-02-06 06:00:00,45.74364031295681,transfer
2024-02-06 07:00:00,24.574338681599134,transfer
2024-02-06 08:00:00,13.745077664531205,withdrawal
2024-02-06 09:00:00,26.28688012254043,purchase
2024-02-06 10:00:00,52.819108419511025,withdrawal
2024-02-06 11:00:00,3033.6277940386017,purchase
2024-02-06 12:00:00,32.537351324891,purchase
2024-02-06 13:00:00,611.7910162328715,transfer
2024-02-06 14:00:00,53.7088130226468,purchase
2024-02-06 15:00:00,179.180427573919,purchase
2024-02-06 16:00:00,683.2989231794195,withdrawal
2024-02-06 17:00:00,32.10883503752497,transfer
2024-02-06 18:00:00,33.46702271682158,purchase
2024-02-06 19:00:00,155.1140847875966,purchase
2024-02-06 20:00:00,656.5314306493102,transfer
2024-02-06 21:00:00,346.0929310124799,withdrawal
2024-02-06 22:00:00,97.89820216029996,transfer
2024-02-06 23:00:00,38.11881183439232,transfer
2024-02-07 00:00:00,98.55894845981325,purchase
2024-02-07 01:00:00,165.4557157700478,purchase
2024-02-07 02:00:00,699.4930044190618,withdrawal
2024-02-07 03:00:00,90.67430597061431,purchase
2024-02-07 04:00:00,158.64590237090383,purchase
2024-02-07 05:00:00,175.79096502538738,transfer
2024-02-07 06:00:00,217.4913307334389,purchase
2024-02-07 07:00:00,104.45014618697157,withdrawal
2024-02-07 08:00:00,46.19547823900489,transfer
2024-02-07 09:00:00,63.225878446494406,withdrawal
2024-02-07 10:00:00,182.45598511971184,transfer
2024-02-07 11:00:00,24.1205537329052,purchase
2024-02-07 12:00:00,78.93883474669987,transfer
2024-02-07 13:00:00,36.842835915506754,transfer
2024-02-07 14:00:00,56.19033814180128,purchase
2024-02-07 15:00:00,196.06610300630132,purchase
2024-02-07 16:00:00,66.09539438928421,withdrawal
2024-02-07 17:00:00,57.19328796070407,withdrawal
2024-02-07 18:00:00,14.015219678484321,purchase
2024-02-07 19:00:00,115.15206578195442,purchase
2024-02-07 20:00:00,104.11376350443341,purchase
2024-02-07 21:00:00,474.9714625109242,transfer
2024-02-07 22:00:00,40.1339161072921,transfer
2024-02-07 23:00:00,67.97570267109064,transfer
2024-02-08 00:00:00,70.06221855098158,purchase
2024-02-08 01:00:00,264.39740143297314,withdrawal
2024-02-08 02:00:00,49.63540887353865,purchase
2024-02-08 03:00:00,72.16978916908795,transfer
2024-02-08 04:00:00,100.27300435286759,transfer
2024-02-08 05:00:00,65.79929494526807,purchase
2024-02-08 06:00:00,34.9376968570916,purchase
2024-02-08 07:00:00,66.29337667619508,transfer
2024-02-08 08:00:00,159.75345967965228,transfer
2024-02-08 09:00:00,19.559961583850896,transfer
2024-02-08 10:00:00,62.3628455490579,purchase
2024-02-08 11:00:00,27.109363506699317,transfer
2024-02-08 12:00:00,180.37655336567056,transfer
2024-02-08 13:00:00,11.903269320687649,withdrawal
2024-02-08 14:00:00,31.22060060493304,purchase
2024-02-08 15:00:00,79.6157450212403,withdrawal
2024-02-08 16:00:00,261.2620768099561,withdrawal
2024-02-08 17:00:00,51.12377938290832,transfer
2024-02-08 18:00:00,31.337030248829976,purchase
2024-02-08 19:00:00,358.22349145964154,transfer
2024-02-08 20:00:00,12.832565242282485,purchase
2024-02-08 21:00:00,6.0568753202466175,withdrawal
2024-02-08 22:00:00,84.77616668510713,purchase
2024-02-08 23:00:00,33.047495213928244,transfer
2024-02-09 00:00:00,194.62508482336622,transfer
2024-02-09 01:00:00,110.86978973691775,transfer
2024-02-09 02:00:00,69.67215316575269,purchase
2024-02-09 03:00:00,31.060017130921935,withdrawal
2024-02-09 04:00:00,15.175702078260755,withdrawal
2024-02-09 05:00:00,130.64155196250542,purchase
2024-02-09 06:00:00,1035.8699895702734,transfer
2024-02-09 07:00:00,49.44318023491937,withdrawal
2024-02-09 08:00:00,346.068591260409,transfer
2024-02-09 09:00:00,133.762985922143,purchase
2024-02-09 10:00:00,11.875468824214687,transfer
2024-02-09 11:00:00,27.332922558038067,withdrawal
2024-02-09 12:00:00,52.16511537473975,withdrawal
2024-02-09 13:00:00,69.64002328920095,transfer
2024-02-09 14:00:00,42.895372035041774,purchase
2024-02-09 15:00:00,77.63787565995817,transfer
2024-02-09 16:00:00,15.618569763920366,purchase
2024-02-09 17:00:00,231.311342035611,transfer
2024-02-09 18:00:00,50.292140962462305,withdrawal
2024-02-09 19:00:00,166.8834778714557,purchase
2024-02-09 20:00:00,76.91687908486102,purchase
2024-02-09 21:00:00,86.20715847315357,purchase
2024-02-09 22:00:00,96.52164466417501,withdrawal
2024-02-09 23:00:00,85.43095962808873,transfer
2024-02-10 00:00:00,103.82665813490468,withdrawal
2024-02-10 01:00:00,206.26309830516237,purchase
2024-02-10 02:00:00,66.45474367214068,transfer
2024-02-10 03:00:00,110.94158012539313,withdrawal
2024-02-10 04:00:00,49.912142294537645,purchase
2024-02-10 05:00:00,230.46919642789143,purchase
2024-02-10 06:00:00,27.760320971362606,withdrawal
2024-02-10 07:00:00,330.61033059280044,withdrawal
2024-02-10 08:00:00,52.44904093499374,withdrawal
2024-02-10 09:00:00,13.055701016587006,purchase
2024-02-10 10:00:00,62.060171030803495,withdrawal
2024-02-10 11:00:00,27.631276634678333,purchase
2024-02-10 12:00:00,1020.5687634520327,withdrawal
2024-02-10 13:00:00,28.428041099326293,purchase
2024-02-10 14:00:00,34.94643871023794,purchase
2024-02-10 15:00:00,8.252030316628455,transfer
2024-02-10 16:00:00,34.733119380124194,withdrawal
2024-02-10 17:00:00,4.8361583362230505,withdrawal
2024-02-10 18:00:00,11.202054248355132,purchase
2024-02-10 19:00:00,116.79434535250375,purchase
2024-02-10 20:00:00,119.79718149489973,purchase
2024-02-10 21:00:00,83.55102823475173,transfer
2024-02-10 22:00:00,20.75991277856076,transfer
2024-02-10 23:00:00,52.05436451286306,purchase
2024-02-11 00:00:00,54.40181193356079,withdrawal
2024-02-11 01:00:00,17.143778031831655,withdrawal
2024-02-11 02:00:00,245.52488379876885,transfer
2024-02-11 03:00:00,131.2839179517178,transfer
2024-02-11 04:00:00,43.77381581464822,purchase
2024-02-11 05:00:00,56.085978237343674,withdrawal
2024-02-11 06:00:00,67.24769938091481,purchase
2024-02-11 07:00:00,7.087021344287315,transfer
2024-02-11 08:00:00,42.64127229517519,withdrawal
2024-02-11 09:00:00,27.605519980025495,withdrawal
2024-02-11 10:00:00,20.053024496964063,transfer
2024-02-11 11:00:00,41.21901615842578,purchase
2024-02-11 12:00:00,329.536303972664,purchase
2024-02-11 13:00:00,103.6316578933472,withdrawal
2024-02-11 14:00:00,30.840260954444812,transfer
2024-02-11 15:00:00,96.7937843882906,withdrawal
